"","SettlementPoint","Month","Year","AveragePrice"
"1","HB_BUSAVG",1,2016,19.2093010752688
"2","HB_HOUSTON",1,2016,19.5657258064516
"3","HB_HUBAVG",1,2016,19.2586962365591
"4","HB_NORTH",1,2016,19.1333064516129
"5","HB_SOUTH",1,2016,19.2100537634409
"6","HB_WEST",1,2016,19.1265591397849
"7","LZ_AEN",1,2016,19.3246639784946
"8","LZ_CPS",1,2016,19.3538440860215
"9","LZ_HOUSTON",1,2016,19.563938172043
"10","LZ_LCRA",1,2016,19.3174596774194
"11","LZ_NORTH",1,2016,19.187997311828
"12","LZ_RAYBN",1,2016,19.4479435483871
"13","LZ_SOUTH",1,2016,19.4817204301075
"14","LZ_WEST",1,2016,19.5192607526882
"15","HB_BUSAVG",2,2016,15.2882471264368
"16","HB_HOUSTON",2,2016,15.4645402298851
"17","HB_HUBAVG",2,2016,15.2692528735632
"18","HB_NORTH",2,2016,15.292658045977
"19","HB_SOUTH",2,2016,15.333591954023
"20","HB_WEST",2,2016,14.9886637931034
"21","LZ_AEN",2,2016,15.4482902298851
"22","LZ_CPS",2,2016,15.5200143678161
"23","LZ_HOUSTON",2,2016,15.4879885057471
"24","LZ_LCRA",2,2016,15.4885488505747
"25","LZ_NORTH",2,2016,15.4622126436782
"26","LZ_RAYBN",2,2016,15.4004310344828
"27","LZ_SOUTH",2,2016,15.9358620689655
"28","LZ_WEST",2,2016,15.0444827586207
"29","HB_BUSAVG",3,2016,16.7556258411844
"30","HB_HOUSTON",3,2016,17.1249528936743
"31","HB_HUBAVG",3,2016,16.6543472409152
"32","HB_NORTH",3,2016,16.8593674293405
"33","HB_SOUTH",3,2016,16.7631090174966
"34","HB_WEST",3,2016,15.871668909825
"35","LZ_AEN",3,2016,16.8550740242261
"36","LZ_CPS",3,2016,16.8981830417227
"37","LZ_HOUSTON",3,2016,17.2067294751009
"38","LZ_LCRA",3,2016,16.7962987886945
"39","LZ_NORTH",3,2016,17.4615074024226
"40","LZ_RAYBN",3,2016,17.1172409152086
"41","LZ_SOUTH",3,2016,19.5211440107672
"42","LZ_WEST",3,2016,16.0026514131898
"43","HB_BUSAVG",4,2016,18.2893472222222
"44","HB_HOUSTON",4,2016,18.9409583333333
"45","HB_HUBAVG",4,2016,18.1668611111111
"46","HB_NORTH",4,2016,18.3506666666667
"47","HB_SOUTH",4,2016,18.5129027777778
"48","HB_WEST",4,2016,16.86275
"49","LZ_AEN",4,2016,18.2560694444444
"50","LZ_CPS",4,2016,19.0693611111111
"51","LZ_HOUSTON",4,2016,19.1289305555556
"52","LZ_LCRA",4,2016,18.3927083333333
"53","LZ_NORTH",4,2016,19.0876388888889
"54","LZ_RAYBN",4,2016,18.8553611111111
"55","LZ_SOUTH",4,2016,20.738
"56","LZ_WEST",4,2016,17.1536666666667
"57","HB_BUSAVG",5,2016,18.1595833333333
"58","HB_HOUSTON",5,2016,19.1740860215054
"59","HB_HUBAVG",5,2016,18.247002688172
"60","HB_NORTH",5,2016,17.9056317204301
"61","HB_SOUTH",5,2016,18.5704569892473
"62","HB_WEST",5,2016,17.3376747311828
"63","LZ_AEN",5,2016,18.1249059139785
"64","LZ_CPS",5,2016,18.4798655913979
"65","LZ_HOUSTON",5,2016,19.9039919354839
"66","LZ_LCRA",5,2016,18.1827822580645
"67","LZ_NORTH",5,2016,18.1828897849462
"68","LZ_RAYBN",5,2016,18.3209946236559
"69","LZ_SOUTH",5,2016,20.691747311828
"70","LZ_WEST",5,2016,17.7375268817204
"71","HB_BUSAVG",6,2016,23.9098194444444
"72","HB_HOUSTON",6,2016,26.2557361111111
"73","HB_HUBAVG",6,2016,24.2978472222222
"74","HB_NORTH",6,2016,23.1580555555556
"75","HB_SOUTH",6,2016,24.645375
"76","HB_WEST",6,2016,23.1419305555556
"77","LZ_AEN",6,2016,24.2375138888889
"78","LZ_CPS",6,2016,24.9580694444444
"79","LZ_HOUSTON",6,2016,29.9150833333333
"80","LZ_LCRA",6,2016,24.1644166666667
"81","LZ_NORTH",6,2016,23.5626805555556
"82","LZ_RAYBN",6,2016,23.3159444444444
"83","LZ_SOUTH",6,2016,27.4716527777778
"84","LZ_WEST",6,2016,23.4887638888889
"85","HB_BUSAVG",7,2016,27.1874731182796
"86","HB_HOUSTON",7,2016,29.5389247311828
"87","HB_HUBAVG",7,2016,27.4592069892473
"88","HB_NORTH",7,2016,26.8007930107527
"89","HB_SOUTH",7,2016,26.9602553763441
"90","HB_WEST",7,2016,26.543561827957
"91","LZ_AEN",7,2016,27.9761021505376
"92","LZ_CPS",7,2016,27.9679569892473
"93","LZ_HOUSTON",7,2016,29.9118682795699
"94","LZ_LCRA",7,2016,27.5922177419355
"95","LZ_NORTH",7,2016,27.4157795698925
"96","LZ_RAYBN",7,2016,27.4710752688172
"97","LZ_SOUTH",7,2016,28.8895833333333
"98","LZ_WEST",7,2016,27.1787903225806
"99","HB_BUSAVG",8,2016,30.5671370967742
"100","HB_HOUSTON",8,2016,32.9725403225806
"101","HB_HUBAVG",8,2016,30.9485349462366
"102","HB_NORTH",8,2016,29.8283870967742
"103","HB_SOUTH",8,2016,31.2079704301075
"104","HB_WEST",8,2016,29.7867338709677
"105","LZ_AEN",8,2016,30.6995161290323
"106","LZ_CPS",8,2016,31.3065725806452
"107","LZ_HOUSTON",8,2016,33.5635483870968
"108","LZ_LCRA",8,2016,31.1755779569892
"109","LZ_NORTH",8,2016,30.1485752688172
"110","LZ_RAYBN",8,2016,30.1497580645161
"111","LZ_SOUTH",8,2016,31.8233064516129
"112","LZ_WEST",8,2016,30.010564516129
"113","HB_BUSAVG",9,2016,26.86175
"114","HB_HOUSTON",9,2016,28.7424166666667
"115","HB_HUBAVG",9,2016,27.1881388888889
"116","HB_NORTH",9,2016,26.2491805555556
"117","HB_SOUTH",9,2016,27.4055694444444
"118","HB_WEST",9,2016,26.35425
"119","LZ_AEN",9,2016,26.7108611111111
"120","LZ_CPS",9,2016,28.13025
"121","LZ_HOUSTON",9,2016,29.0326805555556
"122","LZ_LCRA",9,2016,27.0399444444444
"123","LZ_NORTH",9,2016,26.6058611111111
"124","LZ_RAYBN",9,2016,26.4702638888889
"125","LZ_SOUTH",9,2016,28.7620138888889
"126","LZ_WEST",9,2016,26.7676666666667
"127","HB_BUSAVG",10,2016,25.2048387096774
"128","HB_HOUSTON",10,2016,28.2495564516129
"129","HB_HUBAVG",10,2016,25.7690591397849
"130","HB_NORTH",10,2016,24.0052553763441
"131","HB_SOUTH",10,2016,26.6896639784946
"132","HB_WEST",10,2016,24.113938172043
"133","LZ_AEN",10,2016,25.6229032258064
"134","LZ_CPS",10,2016,26.2502956989247
"135","LZ_HOUSTON",10,2016,28.5458198924731
"136","LZ_LCRA",10,2016,26.0684408602151
"137","LZ_NORTH",10,2016,24.5326612903226
"138","LZ_RAYBN",10,2016,24.4525134408602
"139","LZ_SOUTH",10,2016,30.0310349462366
"140","LZ_WEST",10,2016,25.1822580645161
"141","HB_BUSAVG",11,2016,19.2449027777778
"142","HB_HOUSTON",11,2016,20.3659305555556
"143","HB_HUBAVG",11,2016,19.4893055555556
"144","HB_NORTH",11,2016,18.6648888888889
"145","HB_SOUTH",11,2016,20.1488333333333
"146","HB_WEST",11,2016,18.7784166666667
"147","LZ_AEN",11,2016,19.6400416666667
"148","LZ_CPS",11,2016,21.7146666666667
"149","LZ_HOUSTON",11,2016,20.4376805555556
"150","LZ_LCRA",11,2016,19.5416805555556
"151","LZ_NORTH",11,2016,18.8305138888889
"152","LZ_RAYBN",11,2016,18.8753194444444
"153","LZ_SOUTH",11,2016,20.6333888888889
"154","LZ_WEST",11,2016,19.3431388888889
"155","HB_BUSAVG",12,2016,25.3183064516129
"156","HB_HOUSTON",12,2016,25.7276612903226
"157","HB_HUBAVG",12,2016,25.3625940860215
"158","HB_NORTH",12,2016,25.1490456989247
"159","HB_SOUTH",12,2016,25.7089919354839
"160","HB_WEST",12,2016,24.8626612903226
"161","LZ_AEN",12,2016,25.8701747311828
"162","LZ_CPS",12,2016,26.5964247311828
"163","LZ_HOUSTON",12,2016,25.7368413978495
"164","LZ_LCRA",12,2016,25.487876344086
"165","LZ_NORTH",12,2016,25.28625
"166","LZ_RAYBN",12,2016,25.3195564516129
"167","LZ_SOUTH",12,2016,26.3268413978495
"168","LZ_WEST",12,2016,25.1658198924731
"169","HB_BUSAVG",1,2017,23.2527822580645
"170","HB_HOUSTON",1,2017,24.7818548387097
"171","HB_HUBAVG",1,2017,23.3255510752688
"172","HB_NORTH",1,2017,22.9918548387097
"173","HB_SOUTH",1,2017,23.624811827957
"174","HB_WEST",1,2017,21.9017204301075
"175","LZ_AEN",1,2017,23.4044758064516
"176","LZ_CPS",1,2017,23.7725672043011
"177","LZ_HOUSTON",1,2017,24.8273655913979
"178","LZ_LCRA",1,2017,23.4362768817204
"179","LZ_NORTH",1,2017,23.6030241935484
"180","LZ_RAYBN",1,2017,23.3901075268817
"181","LZ_SOUTH",1,2017,25.1554838709677
"182","LZ_WEST",1,2017,23.2313709677419
"183","HB_BUSAVG",2,2017,20.1178273809524
"184","HB_HOUSTON",2,2017,23.2657142857143
"185","HB_HUBAVG",2,2017,20.3521279761905
"186","HB_NORTH",2,2017,19.4481994047619
"187","HB_SOUTH",2,2017,21.0793601190476
"188","HB_WEST",2,2017,17.616681547619
"189","LZ_AEN",2,2017,20.6053273809524
"190","LZ_CPS",2,2017,20.9194791666667
"191","LZ_HOUSTON",2,2017,23.5172172619048
"192","LZ_LCRA",2,2017,20.660818452381
"193","LZ_NORTH",2,2017,19.5500148809524
"194","LZ_RAYBN",2,2017,20.3691517857143
"195","LZ_SOUTH",2,2017,21.7936904761905
"196","LZ_WEST",2,2017,18.4770535714286
"197","HB_BUSAVG",3,2017,22.5698923283984
"198","HB_HOUSTON",3,2017,28.2132974427995
"199","HB_HUBAVG",3,2017,23.2332301480485
"200","HB_NORTH",3,2017,21.2277792732167
"201","HB_SOUTH",3,2017,23.6807537012113
"202","HB_WEST",3,2017,19.8135935397039
"203","LZ_AEN",3,2017,22.9970121130552
"204","LZ_CPS",3,2017,23.8615477792732
"205","LZ_HOUSTON",3,2017,28.7420053835801
"206","LZ_LCRA",3,2017,23.437133243607
"207","LZ_NORTH",3,2017,21.8394078061911
"208","LZ_RAYBN",3,2017,21.9071601615074
"209","LZ_SOUTH",3,2017,26.5282099596232
"210","LZ_WEST",3,2017,20.251197846568
"211","HB_BUSAVG",4,2017,23.7050833333333
"212","HB_HOUSTON",4,2017,32.2957361111111
"213","HB_HUBAVG",4,2017,24.8304861111111
"214","HB_NORTH",4,2017,21.4105555555556
"215","HB_SOUTH",4,2017,25.6094027777778
"216","HB_WEST",4,2017,19.9960972222222
"217","LZ_AEN",4,2017,24.1180833333333
"218","LZ_CPS",4,2017,25.3379027777778
"219","LZ_HOUSTON",4,2017,32.9670694444444
"220","LZ_LCRA",4,2017,24.4774166666667
"221","LZ_NORTH",4,2017,21.9758055555556
"222","LZ_RAYBN",4,2017,22.2134305555556
"223","LZ_SOUTH",4,2017,28.5498888888889
"224","LZ_WEST",4,2017,20.3885694444444
"225","HB_BUSAVG",5,2017,25.0873521505376
"226","HB_HOUSTON",5,2017,31.5331720430108
"227","HB_HUBAVG",5,2017,25.9050268817204
"228","HB_NORTH",5,2017,23.4199193548387
"229","HB_SOUTH",5,2017,26.4950134408602
"230","HB_WEST",5,2017,22.1666129032258
"231","LZ_AEN",5,2017,25.2938440860215
"232","LZ_CPS",5,2017,26.5370295698925
"233","LZ_HOUSTON",5,2017,32.3626478494624
"234","LZ_LCRA",5,2017,25.6379569892473
"235","LZ_NORTH",5,2017,24.5575134408602
"236","LZ_RAYBN",5,2017,24.0013306451613
"237","LZ_SOUTH",5,2017,29.9797311827957
"238","LZ_WEST",5,2017,22.8677956989247
"239","HB_BUSAVG",6,2017,27.6691527777778
"240","HB_HOUSTON",6,2017,33.1683472222222
"241","HB_HUBAVG",6,2017,28.5138472222222
"242","HB_NORTH",6,2017,25.8905694444444
"243","HB_SOUTH",6,2017,29.6546944444444
"244","HB_WEST",6,2017,25.3316944444444
"245","LZ_AEN",6,2017,27.9166388888889
"246","LZ_CPS",6,2017,30.416
"247","LZ_HOUSTON",6,2017,33.6689166666667
"248","LZ_LCRA",6,2017,28.6390833333333
"249","LZ_NORTH",6,2017,26.8937361111111
"250","LZ_RAYBN",6,2017,26.1250416666667
"251","LZ_SOUTH",6,2017,36.7834444444444
"252","LZ_WEST",6,2017,27.5123194444444
"253","HB_BUSAVG",7,2017,31.4542741935484
"254","HB_HOUSTON",7,2017,34.3758333333333
"255","HB_HUBAVG",7,2017,31.8644086021505
"256","HB_NORTH",7,2017,30.654314516129
"257","HB_SOUTH",7,2017,32.1294623655914
"258","HB_WEST",7,2017,30.2936424731183
"259","LZ_AEN",7,2017,31.401438172043
"260","LZ_CPS",7,2017,32.1152956989247
"261","LZ_HOUSTON",7,2017,34.7258333333333
"262","LZ_LCRA",7,2017,31.9057123655914
"263","LZ_NORTH",7,2017,31.1868413978495
"264","LZ_RAYBN",7,2017,30.760497311828
"265","LZ_SOUTH",7,2017,34.1932930107527
"266","LZ_WEST",7,2017,31.1301747311828
"267","HB_BUSAVG",8,2017,27.5070161290323
"268","HB_HOUSTON",8,2017,29.4017204301075
"269","HB_HUBAVG",8,2017,27.8386155913979
"270","HB_NORTH",8,2017,26.8327284946237
"271","HB_SOUTH",8,2017,28.3150268817204
"272","HB_WEST",8,2017,26.8170430107527
"273","LZ_AEN",8,2017,27.4656182795699
"274","LZ_CPS",8,2017,28.1375672043011
"275","LZ_HOUSTON",8,2017,30.0314784946237
"276","LZ_LCRA",8,2017,27.6780107526882
"277","LZ_NORTH",8,2017,27.0603629032258
"278","LZ_RAYBN",8,2017,26.8248252688172
"279","LZ_SOUTH",8,2017,33.4578494623656
"280","LZ_WEST",8,2017,27.2139112903226
"281","HB_BUSAVG",9,2017,24.1841666666667
"282","HB_HOUSTON",9,2017,26.5429444444444
"283","HB_HUBAVG",9,2017,24.5196944444444
"284","HB_NORTH",9,2017,23.3461111111111
"285","HB_SOUTH",9,2017,25.5150972222222
"286","HB_WEST",9,2017,22.6788194444444
"287","LZ_AEN",9,2017,24.6288055555556
"288","LZ_CPS",9,2017,25.1366527777778
"289","LZ_HOUSTON",9,2017,27.4100277777778
"290","LZ_LCRA",9,2017,24.8134305555556
"291","LZ_NORTH",9,2017,23.9684027777778
"292","LZ_RAYBN",9,2017,23.5356805555556
"293","LZ_SOUTH",9,2017,28.3303472222222
"294","LZ_WEST",9,2017,27.0117777777778
"295","HB_BUSAVG",10,2017,23.5632795698925
"296","HB_HOUSTON",10,2017,30.1412365591398
"297","HB_HUBAVG",10,2017,24.7014516129032
"298","HB_NORTH",10,2017,21.4059005376344
"299","HB_SOUTH",10,2017,25.5636559139785
"300","HB_WEST",10,2017,21.6938306451613
"301","LZ_AEN",10,2017,24.0199059139785
"302","LZ_CPS",10,2017,25.2759543010753
"303","LZ_HOUSTON",10,2017,31.3393817204301
"304","LZ_LCRA",10,2017,24.4842607526882
"305","LZ_NORTH",10,2017,21.9384274193548
"306","LZ_RAYBN",10,2017,21.3799327956989
"307","LZ_SOUTH",10,2017,28.4640188172043
"308","LZ_WEST",10,2017,22.1733198924731
"309","HB_BUSAVG",11,2017,22.6774583333333
"310","HB_HOUSTON",11,2017,26.0910555555556
"311","HB_HUBAVG",11,2017,23.1671388888889
"312","HB_NORTH",11,2017,21.5962083333333
"313","HB_SOUTH",11,2017,23.9771805555556
"314","HB_WEST",11,2017,21.0017916666667
"315","LZ_AEN",11,2017,23.0194444444444
"316","LZ_CPS",11,2017,23.5725694444444
"317","LZ_HOUSTON",11,2017,26.339625
"318","LZ_LCRA",11,2017,23.047125
"319","LZ_NORTH",11,2017,22.2631666666667
"320","LZ_RAYBN",11,2017,21.8291805555556
"321","LZ_SOUTH",11,2017,27.8657222222222
"322","LZ_WEST",11,2017,22.1529166666667
"323","HB_BUSAVG",12,2017,21.1879569892473
"324","HB_HOUSTON",12,2017,21.5490053763441
"325","HB_HUBAVG",12,2017,21.2098521505376
"326","HB_NORTH",12,2017,20.952997311828
"327","HB_SOUTH",12,2017,21.9979166666667
"328","HB_WEST",12,2017,20.3380376344086
"329","LZ_AEN",12,2017,21.0629301075269
"330","LZ_CPS",12,2017,22.048373655914
"331","LZ_HOUSTON",12,2017,21.9797849462366
"332","LZ_LCRA",12,2017,21.1176612903226
"333","LZ_NORTH",12,2017,21.4081317204301
"334","LZ_RAYBN",12,2017,21.3126075268817
"335","LZ_SOUTH",12,2017,25.4042204301075
"336","LZ_WEST",12,2017,21.8722580645161
"337","HB_BUSAVG",1,2018,37.8696774193548
"338","HB_HOUSTON",1,2018,37.9447849462366
"339","HB_HUBAVG",1,2018,37.7730376344086
"340","HB_NORTH",1,2018,37.5859005376344
"341","HB_SOUTH",1,2018,39.4981451612903
"342","HB_WEST",1,2018,36.0516397849462
"343","LZ_AEN",1,2018,38.8379838709677
"344","LZ_CPS",1,2018,41.312876344086
"345","LZ_HOUSTON",1,2018,38.0449865591398
"346","LZ_LCRA",1,2018,38.9925672043011
"347","LZ_NORTH",1,2018,37.7285215053763
"348","LZ_RAYBN",1,2018,39.3701478494624
"349","LZ_SOUTH",1,2018,46.1325672043011
"350","LZ_WEST",1,2018,37.2933064516129
"351","HB_BUSAVG",2,2018,21.8543154761905
"352","HB_HOUSTON",2,2018,22.1641071428571
"353","HB_HUBAVG",2,2018,21.8300595238095
"354","HB_NORTH",2,2018,21.7670238095238
"355","HB_SOUTH",2,2018,22.3063988095238
"356","HB_WEST",2,2018,21.0876041666667
"357","LZ_AEN",2,2018,21.9138839285714
"358","LZ_CPS",2,2018,22.5173958333333
"359","LZ_HOUSTON",2,2018,22.3758482142857
"360","LZ_LCRA",2,2018,21.7622470238095
"361","LZ_NORTH",2,2018,21.8404613095238
"362","LZ_RAYBN",2,2018,22.4031696428571
"363","LZ_SOUTH",2,2018,25.1970386904762
"364","LZ_WEST",2,2018,22.1241071428571
"365","HB_BUSAVG",3,2018,22.5619784656797
"366","HB_HOUSTON",3,2018,23.7825437415882
"367","HB_HUBAVG",3,2018,22.4034320323015
"368","HB_NORTH",3,2018,22.6080080753701
"369","HB_SOUTH",3,2018,22.8884522207268
"370","HB_WEST",3,2018,20.3336204576043
"371","LZ_AEN",3,2018,22.2028263795424
"372","LZ_CPS",3,2018,25.2892732166891
"373","LZ_HOUSTON",3,2018,23.9334589502019
"374","LZ_LCRA",3,2018,22.0513055181696
"375","LZ_NORTH",3,2018,22.6405518169583
"376","LZ_RAYBN",3,2018,23.8057065948856
"377","LZ_SOUTH",3,2018,26.7599730820996
"378","LZ_WEST",3,2018,22.3016285329744
"379","HB_BUSAVG",4,2018,23.1429583333333
"380","HB_HOUSTON",4,2018,24.6526944444444
"381","HB_HUBAVG",4,2018,22.4503055555556
"382","HB_NORTH",4,2018,23.5229166666667
"383","HB_SOUTH",4,2018,24.4718888888889
"384","HB_WEST",4,2018,17.156625
"385","LZ_AEN",4,2018,22.1884861111111
"386","LZ_CPS",4,2018,26.535375
"387","LZ_HOUSTON",4,2018,24.7283472222222
"388","LZ_LCRA",4,2018,22.6440277777778
"389","LZ_NORTH",4,2018,24.3668888888889
"390","LZ_RAYBN",4,2018,27.198875
"391","LZ_SOUTH",4,2018,28.1869722222222
"392","LZ_WEST",4,2018,21.128125
"393","HB_BUSAVG",5,2018,34.0052419354839
"394","HB_HOUSTON",5,2018,34.1475537634409
"395","HB_HUBAVG",5,2018,32.8348521505376
"396","HB_NORTH",5,2018,35.3061424731183
"397","HB_SOUTH",5,2018,34.2260752688172
"398","HB_WEST",5,2018,27.6920161290323
"399","LZ_AEN",5,2018,33.1661693548387
"400","LZ_CPS",5,2018,36.0555913978495
"401","LZ_HOUSTON",5,2018,35.5330376344086
"402","LZ_LCRA",5,2018,34.7354032258065
"403","LZ_NORTH",5,2018,37.4518817204301
"404","LZ_RAYBN",5,2018,40.95125
"405","LZ_SOUTH",5,2018,41.2744220430108
"406","LZ_WEST",5,2018,49.6001209677419
"407","HB_BUSAVG",6,2018,29.966125
"408","HB_HOUSTON",6,2018,30.6284861111111
"409","HB_HUBAVG",6,2018,29.7818611111111
"410","HB_NORTH",6,2018,30.2118888888889
"411","HB_SOUTH",6,2018,30.0686388888889
"412","HB_WEST",6,2018,28.2770277777778
"413","LZ_AEN",6,2018,30.286125
"414","LZ_CPS",6,2018,30.7272777777778
"415","LZ_HOUSTON",6,2018,31.8023472222222
"416","LZ_LCRA",6,2018,30.3655555555556
"417","LZ_NORTH",6,2018,31.3016111111111
"418","LZ_RAYBN",6,2018,31.9455833333333
"419","LZ_SOUTH",6,2018,32.2586805555556
"420","LZ_WEST",6,2018,57.9675277777778
"421","HB_BUSAVG",7,2018,78.8594489247312
"422","HB_HOUSTON",7,2018,79.0340456989247
"423","HB_HUBAVG",7,2018,78.8323252688172
"424","HB_NORTH",7,2018,78.9684543010753
"425","HB_SOUTH",7,2018,78.8473790322581
"426","HB_WEST",7,2018,78.5175537634409
"427","LZ_AEN",7,2018,78.9513709677419
"428","LZ_CPS",7,2018,79.124435483871
"429","LZ_HOUSTON",7,2018,79.5665322580645
"430","LZ_LCRA",7,2018,79.0699462365591
"431","LZ_NORTH",7,2018,79.8461827956989
"432","LZ_RAYBN",7,2018,84.9019086021505
"433","LZ_SOUTH",7,2018,80.4475672043011
"434","LZ_WEST",7,2018,101.470967741935
"435","HB_BUSAVG",8,2018,31.6615591397849
"436","HB_HOUSTON",8,2018,31.944247311828
"437","HB_HUBAVG",8,2018,31.6945833333333
"438","HB_NORTH",8,2018,31.6030510752688
"439","HB_SOUTH",8,2018,31.6675268817204
"440","HB_WEST",8,2018,31.5601209677419
"441","LZ_AEN",8,2018,31.7321370967742
"442","LZ_CPS",8,2018,31.865685483871
"443","LZ_HOUSTON",8,2018,32.159623655914
"444","LZ_LCRA",8,2018,31.8079704301075
"445","LZ_NORTH",8,2018,31.9715860215054
"446","LZ_RAYBN",8,2018,32.5187231182796
"447","LZ_SOUTH",8,2018,33.6906317204301
"448","LZ_WEST",8,2018,33.2898521505376
"449","HB_BUSAVG",9,2018,27.1754444444444
"450","HB_HOUSTON",9,2018,27.5813611111111
"451","HB_HUBAVG",9,2018,27.0530277777778
"452","HB_NORTH",9,2018,27.2996388888889
"453","HB_SOUTH",9,2018,27.1898055555556
"454","HB_WEST",9,2018,26.1395972222222
"455","LZ_AEN",9,2018,27.1673055555556
"456","LZ_CPS",9,2018,27.5129861111111
"457","LZ_HOUSTON",9,2018,27.7224166666667
"458","LZ_LCRA",9,2018,27.1872638888889
"459","LZ_NORTH",9,2018,27.8858472222222
"460","LZ_RAYBN",9,2018,27.6808888888889
"461","LZ_SOUTH",9,2018,28.3837638888889
"462","LZ_WEST",9,2018,27.1010972222222
"463","HB_BUSAVG",10,2018,29.9578225806452
"464","HB_HOUSTON",10,2018,30.981935483871
"465","HB_HUBAVG",10,2018,29.8891129032258
"466","HB_NORTH",10,2018,30.0341666666667
"467","HB_SOUTH",10,2018,29.7725134408602
"468","HB_WEST",10,2018,28.7613306451613
"469","LZ_AEN",10,2018,30.31
"470","LZ_CPS",10,2018,31.6359677419355
"471","LZ_HOUSTON",10,2018,31.7811155913978
"472","LZ_LCRA",10,2018,30.0698790322581
"473","LZ_NORTH",10,2018,31.6454166666667
"474","LZ_RAYBN",10,2018,30.6249596774194
"475","LZ_SOUTH",10,2018,32.1269758064516
"476","LZ_WEST",10,2018,30.0045564516129
"477","HB_BUSAVG",11,2018,30.6445
"478","HB_HOUSTON",11,2018,31.3192361111111
"479","HB_HUBAVG",11,2018,30.2772083333333
"480","HB_NORTH",11,2018,31.2348888888889
"481","HB_SOUTH",11,2018,29.8371805555556
"482","HB_WEST",11,2018,28.71525
"483","LZ_AEN",11,2018,30.4680833333333
"484","LZ_CPS",11,2018,32.0412083333333
"485","LZ_HOUSTON",11,2018,31.7303333333333
"486","LZ_LCRA",11,2018,30.5158055555556
"487","LZ_NORTH",11,2018,31.974125
"488","LZ_RAYBN",11,2018,33.4524444444444
"489","LZ_SOUTH",11,2018,33.5444861111111
"490","LZ_WEST",11,2018,31.2240277777778
"491","HB_BUSAVG",12,2018,30.268185483871
"492","HB_HOUSTON",12,2018,30.3335483870968
"493","HB_HUBAVG",12,2018,30.1919892473118
"494","HB_NORTH",12,2018,30.3982661290323
"495","HB_SOUTH",12,2018,30.0893010752688
"496","HB_WEST",12,2018,29.9440053763441
"497","LZ_AEN",12,2018,30.0947580645161
"498","LZ_CPS",12,2018,30.3092204301075
"499","LZ_HOUSTON",12,2018,30.4620698924731
"500","LZ_LCRA",12,2018,30.5826612903226
"501","LZ_NORTH",12,2018,31.1319489247312
"502","LZ_RAYBN",12,2018,31.5535349462366
"503","LZ_SOUTH",12,2018,32.1127284946237
"504","LZ_WEST",12,2018,34.9808467741936
"505","HB_BUSAVG",1,2019,24.5925672043011
"506","HB_HOUSTON",1,2019,25.4260349462366
"507","HB_HUBAVG",1,2019,24.6834005376344
"508","HB_NORTH",1,2019,24.3326344086021
"509","HB_SOUTH",1,2019,25.086061827957
"510","HB_WEST",1,2019,23.8815456989247
"511","LZ_AEN",1,2019,25.1079569892473
"512","LZ_CPS",1,2019,26.7983333333333
"513","LZ_HOUSTON",1,2019,25.5500806451613
"514","LZ_LCRA",1,2019,24.9363037634409
"515","LZ_NORTH",1,2019,24.3678360215054
"516","LZ_RAYBN",1,2019,24.4114919354839
"517","LZ_SOUTH",1,2019,27.0579032258065
"518","LZ_WEST",1,2019,27.4615322580645
"519","HB_BUSAVG",2,2019,21.186369047619
"520","HB_HOUSTON",2,2019,21.5078125
"521","HB_HUBAVG",2,2019,21.2506398809524
"522","HB_NORTH",2,2019,20.8649553571429
"523","HB_SOUTH",2,2019,22.1256398809524
"524","HB_WEST",2,2019,20.4911607142857
"525","LZ_AEN",2,2019,21.5138095238095
"526","LZ_CPS",2,2019,24.110119047619
"527","LZ_HOUSTON",2,2019,21.644255952381
"528","LZ_LCRA",2,2019,21.6669791666667
"529","LZ_NORTH",2,2019,20.8511458333333
"530","LZ_RAYBN",2,2019,21.0662797619048
"531","LZ_SOUTH",2,2019,23.7289583333333
"532","LZ_WEST",2,2019,22.7989583333333
"533","HB_BUSAVG",3,2019,27.5657200538358
"534","HB_HOUSTON",3,2019,27.8320323014805
"535","HB_HUBAVG",3,2019,27.1890309555855
"536","HB_NORTH",3,2019,28.1037146702557
"537","HB_SOUTH",3,2019,27.1355585464334
"538","HB_WEST",3,2019,25.6696769851952
"539","LZ_AEN",3,2019,27.7421803499327
"540","LZ_CPS",3,2019,29.3516958277254
"541","LZ_HOUSTON",3,2019,28.0803230148048
"542","LZ_LCRA",3,2019,27.6493135935397
"543","LZ_NORTH",3,2019,28.5940376850606
"544","LZ_RAYBN",3,2019,29.809798115747
"545","LZ_SOUTH",3,2019,30.5294885598923
"546","LZ_WEST",3,2019,31.2829609690444
"547","HB_BUSAVG",4,2019,22.6131805555556
"548","HB_HOUSTON",4,2019,23.8706527777778
"549","HB_HUBAVG",4,2019,22.2211666666667
"550","HB_NORTH",4,2019,22.9974027777778
"551","HB_PAN",4,2019,16.5487666666667
"552","HB_SOUTH",4,2019,22.4633333333333
"553","HB_WEST",4,2019,19.551875
"554","LZ_AEN",4,2019,23.2703472222222
"555","LZ_CPS",4,2019,25.3635972222222
"556","LZ_HOUSTON",4,2019,24.2645833333333
"557","LZ_LCRA",4,2019,23.3147638888889
"558","LZ_NORTH",4,2019,23.7184305555556
"559","LZ_RAYBN",4,2019,24.9983055555556
"560","LZ_SOUTH",4,2019,27.1478333333333
"561","LZ_WEST",4,2019,21.6992361111111
"562","HB_BUSAVG",5,2019,23.9599327956989
"563","HB_HOUSTON",5,2019,24.7942741935484
"564","HB_HUBAVG",5,2019,23.8837634408602
"565","HB_NORTH",5,2019,23.9788844086022
"566","HB_PAN",5,2019,16.4143279569892
"567","HB_SOUTH",5,2019,24.0599462365591
"568","HB_WEST",5,2019,22.7026612903226
"569","LZ_AEN",5,2019,24.6762365591398
"570","LZ_CPS",5,2019,26.2460752688172
"571","LZ_HOUSTON",5,2019,25.1536155913978
"572","LZ_LCRA",5,2019,24.5086827956989
"573","LZ_NORTH",5,2019,24.0114516129032
"574","LZ_RAYBN",5,2019,24.7881586021505
"575","LZ_SOUTH",5,2019,27.2109946236559
"576","LZ_WEST",5,2019,28.8519892473118
"577","HB_BUSAVG",6,2019,25.0855416666667
"578","HB_HOUSTON",6,2019,26.8976805555556
"579","HB_HUBAVG",6,2019,25.1715416666667
"580","HB_NORTH",6,2019,25.1758194444444
"581","HB_PAN",6,2019,20.7313194444444
"582","HB_SOUTH",6,2019,23.9043611111111
"583","HB_WEST",6,2019,24.7085555555556
"584","LZ_AEN",6,2019,24.4167916666667
"585","LZ_CPS",6,2019,26.3912916666667
"586","LZ_HOUSTON",6,2019,27.2267361111111
"587","LZ_LCRA",6,2019,24.5195416666667
"588","LZ_NORTH",6,2019,25.2079166666667
"589","LZ_RAYBN",6,2019,25.4585138888889
"590","LZ_SOUTH",6,2019,27.2595972222222
"591","LZ_WEST",6,2019,32.0267777777778
"592","HB_BUSAVG",7,2019,29.729623655914
"593","HB_HOUSTON",7,2019,29.9110080645161
"594","HB_HUBAVG",7,2019,29.6962365591398
"595","HB_NORTH",7,2019,29.7812903225806
"596","HB_PAN",7,2019,28.3845698924731
"597","HB_SOUTH",7,2019,29.6375
"598","HB_WEST",7,2019,29.4554704301075
"599","LZ_AEN",7,2019,29.7090860215054
"600","LZ_CPS",7,2019,30.6671774193548
"601","LZ_HOUSTON",7,2019,30.013064516129
"602","LZ_LCRA",7,2019,29.7479166666667
"603","LZ_NORTH",7,2019,29.8349462365591
"604","LZ_RAYBN",7,2019,30.0297177419355
"605","LZ_SOUTH",7,2019,31.1321639784946
"606","LZ_WEST",7,2019,32.075685483871
"607","HB_BUSAVG",8,2019,126.384086021505
"608","HB_HOUSTON",8,2019,126.625336021505
"609","HB_HUBAVG",8,2019,126.349838709677
"610","HB_NORTH",8,2019,126.52185483871
"611","HB_PAN",8,2019,124.991733870968
"612","HB_SOUTH",8,2019,125.936545698925
"613","HB_WEST",8,2019,126.315282258065
"614","LZ_AEN",8,2019,126.526922043011
"615","LZ_CPS",8,2019,127.696209677419
"616","LZ_HOUSTON",8,2019,126.693387096774
"617","LZ_LCRA",8,2019,126.670766129032
"618","LZ_NORTH",8,2019,126.600913978495
"619","LZ_RAYBN",8,2019,126.897889784946
"620","LZ_SOUTH",8,2019,127.109018817204
"621","LZ_WEST",8,2019,128.876465053763
"622","HB_BUSAVG",9,2019,79.615625
"623","HB_HOUSTON",9,2019,80.5876527777778
"624","HB_HUBAVG",9,2019,79.4591944444444
"625","HB_NORTH",9,2019,79.9195833333333
"626","HB_PAN",9,2019,72.8532916666667
"627","HB_SOUTH",9,2019,78.9004722222222
"628","HB_WEST",9,2019,78.42925
"629","LZ_AEN",9,2019,80.1695972222222
"630","LZ_CPS",9,2019,82.4363472222222
"631","LZ_HOUSTON",9,2019,80.7792916666667
"632","LZ_LCRA",9,2019,82.4672361111111
"633","LZ_NORTH",9,2019,80.7741527777778
"634","LZ_RAYBN",9,2019,80.6986388888889
"635","LZ_SOUTH",9,2019,81.0091111111111
"636","LZ_WEST",9,2019,83.4711388888889
"637","HB_BUSAVG",10,2019,28.2470564516129
"638","HB_HOUSTON",10,2019,30.3936021505376
"639","HB_HUBAVG",10,2019,28.1317607526882
"640","HB_NORTH",10,2019,27.9959677419355
"641","HB_PAN",10,2019,18.7167607526882
"642","HB_SOUTH",10,2019,29.4684005376344
"643","HB_WEST",10,2019,24.6681317204301
"644","LZ_AEN",10,2019,29.2804435483871
"645","LZ_CPS",10,2019,33.5536021505376
"646","LZ_HOUSTON",10,2019,30.6423790322581
"647","LZ_LCRA",10,2019,29.0158064516129
"648","LZ_NORTH",10,2019,28.7329435483871
"649","LZ_RAYBN",10,2019,28.5543817204301
"650","LZ_SOUTH",10,2019,32.9421102150538
"651","LZ_WEST",10,2019,49.3833602150538
"652","HB_BUSAVG",11,2019,23.468375
"653","HB_HOUSTON",11,2019,24.0215
"654","HB_HUBAVG",11,2019,23.2572361111111
"655","HB_NORTH",11,2019,23.6286111111111
"656","HB_PAN",11,2019,11.6612916666667
"657","HB_SOUTH",11,2019,23.7185555555556
"658","HB_WEST",11,2019,21.6602638888889
"659","LZ_AEN",11,2019,24.4080138888889
"660","LZ_CPS",11,2019,25.5751388888889
"661","LZ_HOUSTON",11,2019,24.1816111111111
"662","LZ_LCRA",11,2019,24.4852222222222
"663","LZ_NORTH",11,2019,24.1536111111111
"664","LZ_RAYBN",11,2019,24.5175694444444
"665","LZ_SOUTH",11,2019,25.8037083333333
"666","LZ_WEST",11,2019,49.3408472222222
"667","HB_BUSAVG",12,2019,18.7150806451613
"668","HB_HOUSTON",12,2019,18.6725
"669","HB_HUBAVG",12,2019,18.623373655914
"670","HB_NORTH",12,2019,18.7319892473118
"671","HB_PAN",12,2019,8.81724462365591
"672","HB_SOUTH",12,2019,18.9525134408602
"673","HB_WEST",12,2019,18.1364247311828
"674","LZ_AEN",12,2019,19.0517069892473
"675","LZ_CPS",12,2019,19.9978629032258
"676","LZ_HOUSTON",12,2019,18.9198521505376
"677","LZ_LCRA",12,2019,19.4568817204301
"678","LZ_NORTH",12,2019,19.0068010752688
"679","LZ_RAYBN",12,2019,19.0850672043011
"680","LZ_SOUTH",12,2019,19.7868817204301
"681","LZ_WEST",12,2019,39.5025940860215
